"용어","영문명","대분류","소분류","한줄정의","예시","수식","팁","강의주차"
"수익률","Return","퀀트·금융","수익·성과","내 돈이 얼마나 늘었나(또는 줄었나)를 %로 표현한 것","5000원 → 6000원이면 수익률 = (6000-5000)/5000×100 = +20%","수익률 = (나중 가격 - 처음 가격) / 처음 가격 × 100","로그수익률 = log(나중/처음). 수학적으로 더 다루기 편해 퀀트에서 주로 사용",""
"누적수익률","Cumulative Return","퀀트·금융","수익·성과","처음 투자 시점부터 지금까지 총 얼마나 벌었는지","1월 +10% → 100만원이 110만원 / 2월 +10% → 110만원이 121만원 → 누적 +21%","누적수익률 = (최종 자산 / 처음 자산) - 1","단순 합산(20%)이 아닌 복리 계산(21%). 차이가 장기 투자일수록 커짐",""
"연환산 수익률","CAGR (Annualized Return)","퀀트·금융","수익·성과","N년치 수익을 매년 몇 %씩 번 것과 같은가로 1년 기준 환산","3년 누적 +33.1% → 연환산 약 +10% (매년 10%씩 복리 3년 = 1.1³ = 1.331)","CAGR = (최종/처음)^(1/년수) - 1","S&P500 CAGR 역사적으로 약 8~10%. 이보다 높으면 시장을 이긴 전략",""
"초과수익률","Excess Return","퀀트·금융","수익·성과","시장 평균보다 얼마나 더(또는 덜) 벌었는지","내 전략 +15%, S&P500 +10% → 초과수익률 = +5%","초과수익률 = 전략 수익률 - 벤치마크 수익률","벤치마크를 뭘로 잡느냐가 중요. 보통 S&P500 또는 무위험수익률",""
"알파","Alpha (α)","퀀트·금융","수익·성과","시장 움직임 영향을 제거한 후 순수하게 전략 자체 실력으로 번 수익","시장이 0% 움직였는데 내 전략이 +5% 벌었다면 알파 = +5%","실제수익률 = α + β × 시장수익률 + 오차","퀀트의 궁극적 목표는 양의 알파(α > 0)를 안정적으로 만드는 것",""
"베타","Beta (β)","퀀트·금융","수익·성과","시장이 1% 움직일 때 내 자산이 몇 % 움직이는지. 시장 민감도","β=2이면 시장 +1%일 때 나는 +2%, 시장 -1%일 때 나는 -2%","β = Cov(자산, 시장) / Var(시장)","β>1 = 시장보다 과격 / β<1 = 시장보다 안정적 / β=0 = 시장과 무관",""
"샤프 비율","Sharpe Ratio","퀀트·금융","수익·성과","위험 한 단위당 얼마나 벌었나. 수익률을 변동성으로 나눈 것. 높을수록 좋음","연수익 10%, 연변동성 10% → 샤프 = 1.0 / 연수익 10%, 연변동성 20% → 샤프 = 0.5","Sharpe = (전략수익률 - 무위험수익률) / 변동성","샤프 1.0 이상이면 양호. 2.0 이상이면 매우 좋은 전략으로 평가",""
"소르티노 비율","Sortino Ratio","퀀트·금융","수익·성과","샤프 비율과 비슷하지만 하락 변동성만 위험으로 계산. 오를 때는 위험 아님","오를 때 변동 크고 내릴 때 안정적인 전략 → 소르티노가 샤프보다 더 높게 나옴","Sortino = (전략수익률 - 무위험수익률) / 하락변동성","하락 리스크만 신경 쓰는 투자자에게 더 적합한 지표",""
"트레이너 비율","Treynor Ratio","퀀트·금융","수익·성과","수익을 변동성 대신 베타(시장 위험)로 나눈 성과 지표","연수익 10%, β=0.5 → 트레이너 = 0.2","Treynor = (전략수익률 - 무위험수익률) / β","여러 펀드를 비교할 때 유용. 분산투자된 포트폴리오 평가에 적합",""
"정보비율","Information Ratio","퀀트·금융","수익·성과","벤치마크 대비 얼마나 안정적으로 초과수익을 냈는가","초과수익률 평균 2%, 초과수익률 표준편차 4% → IR = 0.5","IR = 평균초과수익률 / 추적오차(Tracking Error)","IR 0.5 이상이면 안정적인 알파 생성 전략으로 평가",""
"승률","Win Rate","퀀트·금융","수익·성과","전체 거래 중 수익이 난 거래의 비율","100번 거래, 60번 수익 → 승률 = 60%","승률 = 수익 거래 수 / 전체 거래 수 × 100","승률과 손익비를 함께 봐야 함. 승률 40%여도 손익비 3:1이면 기대수익이 양수",""
"손익비","Profit Factor","퀀트·금융","수익·성과","총 이익 / 총 손실. 1보다 크면 수익성 있는 전략","총수익 300만원, 총손실 100만원 → 손익비 = 3.0","손익비 = 총수익 / 총손실","손익비 2.0 이상이면 양호한 전략으로 평가",""
"기대수익","Expected Return","퀀트·금융","수익·성과","평균적으로 한 번 거래할 때 기대할 수 있는 수익","승률 60%, 이길 때 +2만원, 질 때 -1만원 → 기대수익 = 0.6×2 + 0.4×(-1) = 0.8만원","기대수익 = 승률×평균이익 + 패률×평균손실","기대수익이 양수여야 장기적으로 돈을 버는 전략",""
"변동성","Volatility","퀀트·금융","리스크","가격이 얼마나 들쭉날쭉한지. 수익률의 표준편차로 측정","매일 ±0.1% 움직이는 국채 vs 매일 ±3% 움직이는 주식 → 주식 변동성이 30배 높음","변동성 = 수익률의 표준편차 × √252 (연환산)","변동성 자체가 나쁜 건 아님. 클수록 기회도 크고 위험도 큼",""
"최대낙폭","MDD (Maximum Drawdown)","퀀트·금융","리스크","투자 기간 중 고점 대비 가장 크게 떨어진 폭. 손실 가능성의 최악 시나리오","100만원 → 150만원 → 90만원이면 고점 150에서 90으로 → MDD = -40%","MDD = (계곡 최저점 - 직전 최고점) / 직전 최고점","MDD가 -50%이면 원금 회복에 +100%가 필요. 심리적으로 견디기 매우 어려운 수준",""
"평균낙폭","Average Drawdown","퀀트·금융","리스크","모든 낙폭의 평균치. MDD가 최악의 날이라면 평균낙폭은 일상적 손실 수준","낙폭이 -5%, -10%, -15%, -20% 4번 있었다면 평균낙폭 = -12.5%","평균낙폭 = 모든 낙폭의 합 / 낙폭 횟수","MDD는 이상치에 예민. 평균낙폭은 전략의 일상적 안정성을 더 잘 보여줌",""
"VaR","Value at Risk","퀀트·금융","리스크","95%(또는 99%) 확률로 하루에 최대 얼마 잃을 수 있는가","95% VaR = 300만원 → 100거래일 중 5일은 300만원 넘게 잃을 수 있음","역사적 방법: 수익률 분포의 하위 5% 지점","VaR이 절대 이 이상은 안 잃는다는 보장이 아님. 5% 확률의 테일 리스크가 여전히 존재",""
"CVaR","Conditional VaR (Expected Shortfall)","퀀트·금융","리스크","VaR를 초과하는 상황이 발생했을 때 평균 손실. 최악 5% 상황의 평균","VaR 300만원인데 그 선을 넘었을 때 평균 손실 500만원 → CVaR = 500만원","CVaR = VaR 초과 손실들의 평균","금융위기 같은 극단 상황에서 VaR보다 CVaR가 더 유용한 리스크 지표",""
"다운사이드 리스크","Downside Risk","퀀트·금융","리스크","손실이 날 때의 변동성만 측정. 상승은 위험이 아니므로 제외","수익률이 +5%, -3%, +7%, -1%일 때 → 하락 수익률(-3%, -1%)의 표준편차만 계산","하락 수익률들만의 표준편차","소르티노 비율의 분모가 바로 이 다운사이드 리스크",""
"추적오차","Tracking Error","퀀트·금융","리스크","내 전략이 벤치마크와 얼마나 다르게 움직이는지","S&P500 대비 초과수익 변동성 5% → 추적오차 = 5%","추적오차 = 초과수익률의 표준편차","인덱스 펀드는 추적오차 최소화가 목표. 액티브 전략은 반대로 크게 가져가야 알파 가능",""
"시스템 리스크·비체계적 리스크","Systematic / Idiosyncratic Risk","퀀트·금융","리스크","시스템 리스크 = 시장 전체 위험(피할 수 없음). 비체계적 = 개별 종목 위험(분산으로 제거 가능)","코로나 폭락 = 시스템 리스크 / 특정 기업 회계부정 = 비체계적(종목 분산으로 방어)","총위험 = 시스템 리스크 + 비체계적 리스크","분산투자로 비체계적 리스크는 줄일 수 있지만 시스템 리스크는 줄이기 어려움",""
"RSI","Relative Strength Index","퀀트·금융","기술지표","최근 14일간 오른 힘과 내린 힘을 비교해 0~100 사이 숫자로 표현. 70 이상 과매수, 30 이하 과매도","RSI 80 = 너무 많이 올랐다 조정 가능성 / RSI 25 = 너무 많이 내렸다 반등 가능성","RSI = 100 - 100/(1 + 평균상승/평균하락)","단독으로 쓰기보다 다른 지표와 함께 사용. 강한 추세 중엔 RSI 70이어도 계속 오를 수 있음","이 프로젝트 피처"
"MACD","MACD","퀀트·금융","기술지표","단기(12일) 지수이동평균 - 장기(26일) 지수이동평균. 두 선의 교차로 추세 전환 포착","MACD선이 Signal선(9일 평균)을 위로 교차 → 매수 신호 / 아래로 교차 → 매도 신호","MACD = EMA(12) - EMA(26) / Signal = EMA(MACD, 9) / Histogram = MACD - Signal","MACD 히스토그램이 양수에서 음수로 바뀌는 순간이 추세 약화 신호","이 프로젝트 피처"
"이동평균","MA / SMA / EMA","퀀트·금융","기술지표","최근 N일 종가의 평균. 가격 노이즈를 제거하고 추세만 남김","SMA(단순): 5일 평균 = (100+102+99+103+101)/5 = 101 / EMA: 최근 날에 더 높은 가중치","SMA = 최근 N일 종가 합 / N / EMA = 전날EMA×(1-α) + 오늘종가×α","200일 이동평균 위 = Bull 시장 신호. 50일이 200일을 위로 교차 = 골든크로스","이 프로젝트 피처"
"볼린저 밴드","Bollinger Bands","퀀트·금융","기술지표","이동평균 ± 2 표준편차로 만든 위아래 밴드. 가격이 밴드 밖으로 나가면 이상신호","밴드 폭 좁아짐 = 변동성 수축 큰 움직임 예고 / 상단 밴드 터치 = 과매수 경보","중간밴드 = SMA(20) / 상단 = SMA(20)+2σ / 하단 = SMA(20)-2σ","볼린저 밴드 이탈 자체가 반전신호는 아님. 강한 추세에서는 밴드가 계속 확장됨",""
"스토캐스틱","Stochastic Oscillator","퀀트·금융","기술지표","최근 14일 최고-최저 범위에서 오늘 종가가 어디에 있는지. 0~100","%K = 80 = 최근 범위에서 상위 20% 위치 = 과매수 근처","%K = (오늘종가 - 14일최저) / (14일최고 - 14일최저) × 100 / %D = %K의 3일 평균","%K가 %D를 위로 교차하면 매수 아래로 교차하면 매도 신호","이 프로젝트 피처"
"ATR","Average True Range","퀀트·금융","기술지표","하루에 가격이 평균적으로 얼마나 크게 움직이는지. 변동성 측정 도구","ATR = 30포인트면 하루 평균 30포인트 움직임 → 스톱로스 설정에 활용","TR = max(고가-저가 |고가-전일종가| |저가-전일종가|) → 14일 평균","스톱로스를 ATR의 1.5~2배로 설정하는 것이 일반적인 리스크 관리 방법. 프로젝트 상관계수 1위","이 프로젝트 피처"
"OBV","On-Balance Volume","퀀트·금융","기술지표","거래량으로 매수세/매도세를 누적. 가격보다 거래량이 먼저 움직임을 활용","가격은 횡보인데 OBV가 상승 중 → 매수세 축적 곧 상승 가능성","가격상승일: OBV += 거래량 / 가격하락일: OBV -= 거래량","가격-OBV 다이버전스(엇갈림)가 추세 전환의 강한 신호",""
"VWAP","Volume Weighted Average Price","퀀트·금융","기술지표","거래량을 가중치로 준 평균 가격. 기관 투자자의 실제 평균 매수 가격","오전 거래 많고 가격 낮았다면 VWAP은 오후 평균보다 더 낮게 나옴","VWAP = Σ(가격×거래량) / Σ거래량","기관 트레이더들이 VWAP 기준으로 주문. 가격이 VWAP 위 = 매수세 우세",""
"모멘텀","Momentum","퀀트·금융","기술지표","가격이 오르는 힘 또는 내리는 힘. 최근 N일 전 가격 대비 현재 가격","20일 전 가격 100 오늘 가격 110 → 20일 모멘텀 = +10%","모멘텀 = 오늘 가격 / N일 전 가격 - 1","모멘텀 전략은 강한 것이 더 강해진다는 시장 현상을 활용","이 프로젝트 피처"
"ROC","Rate of Change","퀀트·금융","기술지표","N일 전 대비 현재 가격 변화율. 모멘텀의 백분율 표현","20일 전 100 오늘 115 → ROC = (115-100)/100×100 = +15%","ROC = (현재가격 - N일전가격) / N일전가격 × 100","모멘텀과 개념적으로 동일. 표현 방식만 다름",""
"CCI","Commodity Channel Index","퀀트·금융","기술지표","현재 가격이 통계적 평균에서 얼마나 벗어났는지 측정. ±100이 기준","+100 이상 = 과매수 구간 / -100 이하 = 과매도 구간","CCI = (Typical Price - SMA) / (0.015 × Mean Deviation)","상품 선물에서 출발했지만 주식·지수에도 널리 사용",""
"OHLCV","Open / High / Low / Close / Volume","퀀트·금융","가격·시장","하루 거래에서 시가·고가·저가·종가·거래량 5가지 원시 데이터","시가 100 고가 105 저가 97 종가 103 → 장중 8포인트 범위에서 움직이고 상승 마감","없음 (원시 데이터)","1983년 이전 S&P500 데이터에서 OHLC가 모두 동일한 이유: 그 시절엔 종가만 기록됨","이 프로젝트 데이터"
"호가","Bid / Ask","퀀트·금융","가격·시장","Bid = 살 때 부르는 가격 / Ask = 팔 때 부르는 가격. 항상 Ask > Bid","Bid 5000원 Ask 5010원 → 지금 당장 사면 5010원에 체결","없음","S&P500 지수 데이터에는 호가가 없음. 실제 종목 트레이딩에서 중요한 개념",""
"스프레드","Spread","퀀트·금융","가격·시장","Bid와 Ask의 차이. 거래 비용의 일부","Bid 5000원 Ask 5010원 → 스프레드 = 10원 = 시장 진입 즉시 10원 손실","스프레드 = Ask - Bid","유동성이 높은 주식·지수는 스프레드가 좁음. 소형주나 가상화폐는 넓어 거래비용이 큼",""
"슬리피지","Slippage","퀀트·금융","가격·시장","주문 넣을 때 예상한 가격과 실제로 체결된 가격의 차이","5000원에 사겠다고 주문 → 실제 5020원에 체결 → 슬리피지 = 20원","슬리피지 = 체결가격 - 주문가격","백테스트에서 슬리피지를 무시하면 실제 운용 시 성과가 크게 떨어질 수 있음. 반드시 반영",""
"캔들스틱","Candlestick","퀀트·금융","가격·시장","OHLC 4개 값을 하나의 초 모양 그림으로 표현. 금융 차트의 기본","초록(양봉) = 시가 < 종가(상승 마감) / 빨강(음봉) = 시가 > 종가(하락 마감)","몸통 = 시가~종가 / 꼬리 = 저가~고가","긴 아래꼬리 = 강한 매수세 / 긴 윗꼬리 = 강한 매도세 / 짧은 몸통 = 방향성 불확실","이 프로젝트 피처"
"틱 데이터","Tick Data","퀀트·금융","가격·시장","모든 체결 순간의 데이터. 1분봉보다 훨씬 세밀. 초당 수백 건","오전 9:00:00.123 → 5000원에 100주 체결 / 9:00:00.456 → 5001원에 50주 체결","없음 (원시 데이터)","HFT(초고빈도 거래)에서 사용. 일반 퀀트 전략에는 일/분봉 데이터로 충분한 경우 많음",""
"롱·숏","Long / Short","퀀트·금융","전략","롱 = 오를 것 같아서 삼. 숏 = 내릴 것 같아서 빌려서 팔고 나중에 싸게 사서 갚음","삼성 주가 오를 것 = 롱(매수) / 카카오 주가 내릴 것 = 숏(공매도)","없음","숏은 손실이 이론상 무한대. 주가는 최대 0이 되지만 위로는 끝이 없으니 롱보다 훨씬 위험",""
"레버리지","Leverage","퀀트·금융","전략","내 돈보다 더 많은 금액으로 투자. 수익도 배로 늘지만 손실도 배로 늘어남","100만원으로 3배 레버리지 = 300만원치 투자. 10% 상승 시 +30% 하락 시 -30%","실제수익률 = 자산수익률 × 레버리지 배수","레버리지는 양날의 검. 33% 하락 시 3배 레버리지는 원금 전액 손실",""
"포지션","Position","퀀트·금융","전략","현재 보유하고 있는 자산의 상태와 규모","삼성 주식 100주 보유 = 롱 포지션 / 아무것도 없음 = 포지션 없음(스퀘어)","없음","포지션 크기 = 리스크 관리의 핵심. 한 종목에 전체 자산 몰빵 = 극단적 포지션",""
"포트폴리오","Portfolio","퀀트·금융","전략","여러 자산을 모아놓은 집합. 분산투자로 리스크 줄이는 것이 목적","주식 60% + 채권 30% + 현금 10% = 포트폴리오","없음","달걀을 한 바구니에 담지 말라. 상관관계 낮은 자산끼리 묶을수록 분산 효과 큼",""
"리밸런싱","Rebalancing","퀀트·금융","전략","자산 비율이 목표에서 벗어나면 다시 맞추는 것","주식 60% 채권 40% 목표인데 주식이 올라 70%/30%가 되면 주식 10% 팔고 채권 삼","없음 (전략 개념)","월별 또는 분기별 리밸런싱이 일반적. 너무 잦으면 거래비용 증가",""
"헤징","Hedging","퀀트·금융","전략","한 쪽 포지션의 손실을 다른 포지션으로 상쇄하는 위험 관리","삼성 주식 보유(롱) + 삼성 풋옵션 매수 → 주가 하락 시 옵션으로 손실 상쇄","없음","완벽한 헤징 = 수익도 없고 손실도 없음. 실제로는 헤징 비용만큼만 위험을 줄임",""
"차익거래","Arbitrage","퀀트·금융","전략","같은 것이 서로 다른 시장에서 다른 가격에 팔릴 때 싸게 사서 비싸게 파는 것","비트코인 한국 거래소 5000만원 해외 4800만원 → 해외서 사서 한국에 팜 = 200만원 차익","없음","진짜 무위험 차익은 거의 존재하지 않음. 실행 속도와 거래비용이 수익을 잠식",""
"통계적 차익거래","Statistical Arbitrage","퀀트·금융","전략","역사적 통계 관계를 이용해 일시적으로 벌어진 가격 차이에서 수익을 노리는 전략","삼성전자와 SK하이닉스가 역사적으로 비슷하게 움직이다가 갑자기 차이 발생 → 수렴 기대","없음","완전한 무위험 차익이 아님. 통계적 관계가 무너지면 큰 손실 가능",""
"페어 트레이딩","Pair Trading","퀀트·금융","전략","비슷한 두 자산이 벌어지면 비싼 것 숏 싼 것 롱. 다시 수렴할 때 수익","삼성전자 vs SK하이닉스 갑자기 삼성이 10% 비싸지면 → 삼성 숏 + SK 롱","없음","시장 방향성과 무관한 시장중립 전략. 하지만 수렴 안 하고 벌어지면 큰 손실 가능",""
"모멘텀 전략","Momentum Strategy","퀀트·금융","전략","강한 것이 더 강해진다. 최근 많이 오른 자산이 계속 오를 것으로 가정하고 매수","최근 3개월 수익률 상위 20% 종목 매수 → 다음 달까지 보유 → 반복","매수신호: 현재 가격 > N일 전 가격","학술적으로 잘 검증된 팩터. 하지만 급반전 시 큰 손실 가능(모멘텀 크래시)",""
"평균회귀 전략","Mean Reversion","퀀트·금융","전략","너무 오른 것은 내려온다. 가격이 평균에서 벗어나면 다시 돌아올 것으로 가정","RSI 80 이상 = 과매수 = 숏 진입 / RSI 20 이하 = 과매도 = 롱 진입","매수신호: 가격 < 이동평균 - N×표준편차","모멘텀과 반대 개념. 시장 상황에 따라 어느 쪽이 우월한지 달라짐",""
"백테스트","Backtest","퀀트·금융","퀀트·알고리즘","과거 데이터로 전략을 시뮬레이션해 과거에 통했는가를 검증하는 것","2010~2020년 데이터로 RSI 전략 테스트 → 연 12% 수익 MDD -15% 나옴","없음 (개념)","백테스트 결과가 좋다고 실전에서 반드시 좋은 건 아님. 오버피팅·룩어헤드 바이어스 주의","이 프로젝트 핵심"
"워크포워드 테스트","Walk-Forward Test","퀀트·금융","퀀트·알고리즘","과거 데이터로 학습 → 미래 데이터로 검증을 시간순으로 반복. 훨씬 현실적인 검증 방법","2010~2015 학습 → 2016 검증 / 2011~2016 학습 → 2017 검증 → 반복","없음","이 프로젝트에서 Train(~2018) / Val(2019~21) / Test(2022~) 분리가 바로 이 개념","이 프로젝트 핵심"
"시그널","Signal","퀀트·금융","퀀트·알고리즘","매수하라 또는 매도하라는 지시. 피처 값들이 조합되어 만들어지는 행동 신호","RSI < 30 AND 볼린저 하단 이탈 → 매수 시그널","없음 (전략마다 다름)","노이즈와 시그널을 구분하는 것이 퀀트의 핵심. 노이즈가 많으면 잘못된 거래 증가",""
"팩터","Factor","퀀트·금융","퀀트·알고리즘","수익률을 설명하는 공통 원인. 왜 어떤 주식은 오르고 어떤 주식은 내리는지의 이유","가치 팩터: PBR 낮은 주식이 평균적으로 더 많이 오름 / 모멘텀 팩터: 최근 수익률 높은 주식이 계속 오름","없음","Fama-French 3요소(시장·가치·규모)가 가장 유명한 팩터 모델",""
"팩터 모델","Factor Model","퀀트·금융","퀀트·알고리즘","여러 팩터의 조합으로 자산 수익률을 설명하는 모형","Fama-French 3팩터: 수익률 = 시장팩터 + 규모팩터 + 가치팩터 + 알파","Rᵢ = α + β₁F₁ + β₂F₂ + ... + ε","팩터 모델을 잘 만들면 알파와 베타를 분리해서 전략의 순수 실력을 측정 가능",""
"데이터 스누핑","Data Snooping","퀀트·금융","퀀트·알고리즘","같은 데이터로 전략을 수백 번 테스트하다 보면 우연히 좋은 결과가 나오는 것처럼 보이는 현상","MA 파라미터를 5~200 사이 모두 테스트 → 우연히 과거에 맞아 떨어진 파라미터 선택","없음","Out-of-sample 검증(Walk-forward)이 데이터 스누핑을 막는 가장 좋은 방법",""
"룩어헤드 바이어스","Look-ahead Bias","퀀트·금융","퀀트·알고리즘","백테스트 시 실제로는 그 시점에 알 수 없었던 미래 정보가 섞여 들어가는 것","오늘(t) 예측에 오늘 RSI를 그대로 사용 → 실제로는 장 마감 후에야 RSI 계산 가능","해결: feat[cols] = feat[cols].shift(1) — 모든 피처를 1일 후행 적용","퀀트에서 가장 흔한 실수 중 하나. 백테스트 결과가 좋은데 실전에서 망하는 주요 원인","이 프로젝트 핵심"
"생존자 편향","Survivorship Bias","퀀트·금융","퀀트·알고리즘","망한 기업·펀드 데이터가 제외되고 성공한 것만 남아 결과가 실제보다 좋게 보이는 현상","S&P500 데이터에 현재 상장된 기업만 있다면 → 닷컴 폭락 때 망한 기업 제외 → 성과 과대추정","없음","이 프로젝트처럼 지수 데이터 사용 시에도 지수에서 퇴출된 기업 정보가 없음",""
"피처 엔지니어링","Feature Engineering","퀀트·금융","퀀트·알고리즘","원시 데이터를 ML 모델이 학습하기 좋은 형태의 변수로 변환하는 작업","원시 Close 가격 → 로그수익률·이동평균비율·RSI 등 38개 의미 있는 피처로 변환","없음 (설계 작업)","이 프로젝트에서 shift(1) 적용이 핵심. 미래 정보 누수 방지","이 프로젝트 핵심"
"기계학습","Machine Learning","ML","핵심개념","명시적인 프로그램 없이 데이터로부터 스스로 패턴을 학습하는 방법","이메일 4601개를 학습 → 새 이메일이 스팸인지 자동 판별","f: X → Y (입력 X를 출력 Y로 변환하는 함수를 데이터로 추정)","Arthur Samuel(1959): 명시적으로 프로그래밍하지 않고도 학습하는 능력을 컴퓨터에 부여하는 연구 분야","1주차"
"지도학습","Supervised Learning","ML","핵심개념","정답(y)이 있는 데이터로 학습. 입력 x와 출력 y 쌍을 보고 함수 f를 추정","입력: 환자 나이·혈압·콜레스테롤 → 출력: 심장마비 여부(0/1) → 지도학습","min L(y, f(x)) — 예측값과 정답의 차이(손실)를 최소화","이 프로젝트 전체가 지도학습. 피처(X) → 변동성 레짐(y) 예측","1주차"
"비지도학습","Unsupervised Learning","ML","핵심개념","정답(y) 없이 입력 데이터의 구조와 패턴을 스스로 발견","Netflix 18000개 영화 × 400000명 평점 → 비슷한 취향의 사람을 자동으로 그룹화","없음 (목표변수 없이 데이터 내부 구조 탐색)","얼마나 잘 하고 있는지 알기 어렵다 — 정답이 없어서 성능 평가가 어려움","13주차"
"분류 vs 회귀","Classification vs Regression","ML","핵심개념","분류: 카테고리(스팸/정상 Low/Mid/High) 예측. 회귀: 연속 숫자(가격 온도) 예측","분류: 내일 비가 올까 안 올까? / 회귀: 내일 강수량이 몇 mm일까?","분류: argmax P(y=k|x) / 회귀: E[y|x]","이 프로젝트는 분류 문제. 변동성 레짐(0 1 2) 중 하나를 예측","5주차"
"편향-분산 트레이드오프","Bias-Variance Tradeoff","ML","핵심개념","편향(Bias): 모델이 단순해서 오차. 분산(Variance): 모델이 복잡해서 훈련 데이터에 과적합","단순 직선(높은 편향 낮은 분산) vs 구불구불한 곡선(낮은 편향 높은 분산)","MSE = Bias² + Variance + 노이즈","복잡도 올리면 편향↓ 분산↑. 최적점이 존재. MLP가 금융 데이터에서 불리한 이유","전반적"
"과적합·과소적합","Overfitting / Underfitting","ML","핵심개념","과적합: 훈련 데이터에만 잘 맞고 새 데이터엔 못함. 과소적합: 훈련 데이터도 제대로 못 맞힘","Train 정확도 95% Test 정확도 52% = 과적합 / Train 55% Test 55% = 과소적합","과적합 해결: 정규화·드롭아웃·데이터증강 / 과소적합 해결: 복잡도 증가","의사결정나무에서 max_depth를 키울수록 과적합 악화를 그래프로 직접 확인 가능","전반적"
"최대가능도추정","MLE (Maximum Likelihood Estimation)","ML","이론배경","관찰된 데이터가 나올 확률을 가장 높게 만드는 파라미터를 찾는 방법","동전을 10번 던져 7번 앞면 → MLE로 앞면 확률 추정 = 7/10 = 0.7","θ* = argmax Σ log P(xᵢ | θ)","로지스틱 회귀 Naive Bayes 등 대부분의 ML 모델이 MLE 원리로 학습됨","2~3주차"
"엔트로피·정보이득","Entropy / Information Gain","ML","이론배경","엔트로피: 데이터의 불확실성. 정보이득: 어떤 피처를 사용했을 때 불확실성이 얼마나 줄었나","동전이 50:50이면 엔트로피 최대(가장 불확실). 100:0이면 엔트로피 = 0(완전히 확실)","H(y) = -Σ p(y) log p(y) / IG = H(부모) - Σ H(자식 노드)","의사결정나무에서 어떤 피처로 분기할지 결정하는 기준이 정보이득 또는 지니계수","3주차 10주차"
"지니계수 (불순도)","Gini Impurity","ML","이론배경","어떤 노드에서 랜덤하게 뽑은 샘플을 잘못 분류할 확률. 의사결정나무의 분기 기준","3클래스가 각 33%이면 지니 최대(불순도 높음). 1클래스 100%이면 지니=0(순수)","Gini = 1 - Σ pᵢ² (pᵢ = 클래스 i의 비율)","엔트로피와 결과는 비슷하지만 계산이 더 빠름 → sklearn 기본값","10주차"
"정규화 L1·L2","Regularization (Lasso / Ridge)","ML","이론배경","모델이 너무 복잡해지는 것(과적합)을 막기 위해 계수 크기에 패널티를 부과","L1: 일부 피처 계수를 정확히 0으로 → 자동 피처 선택 / L2: 모든 계수를 작게 축소","L1: 손실 + λΣ|βᵢ| / L2: 손실 + λΣβᵢ²","프로젝트 L1 결과: 38개 피처 중 일부가 0 → 이 피처들이 변동성 레짐과 무관","7주차"
"확률분포","Probability Distribution","ML","이론배경","어떤 값이 나올 확률이 어떻게 퍼져있는지를 나타낸 것","정규분포: 키·시험점수처럼 평균 근처에 많이 몰림 / S&P500 수익률은 정규분포보다 꼬리가 두꺼움","N(μ, σ²): f(x) = (1/σ√2π) × exp(-(x-μ)²/2σ²)","Naive Bayes는 각 피처가 정규분포를 따른다고 가정 (GaussianNB)","2주차"
"시계열 분석","Time Series Analysis","ML","이론배경","시간 순서가 있는 데이터(주가·온도 등)의 패턴을 분석하는 방법들","자기상관 분석: 오늘 수익률과 어제 수익률이 관련 있는가?","없음 (분야)","이 프로젝트의 핵심. shuffle=False로 시간 순서 유지하는 이유가 여기 있음","전반적"
"ADF 검정","Augmented Dickey-Fuller Test","ML","이론배경","시계열이 정상(stationary)인지 검정. 정상성: 평균·분산이 시간에 따라 변하지 않음","주가 Close: 계속 우상향 → 비정상 / 로그수익률: p<0.001 → 정상 → ML에 사용 가능","ΔYₜ = α + βt + γYₜ₋₁ + ... H₀: γ=0 (단위근 존재 = 비정상)","이 프로젝트에서 로그수익률을 원시 가격 대신 쓰는 통계적 근거","EDA 파트"
"변동성 군집","Volatility Clustering","ML","이론배경","큰 가격 변동 이후 또 큰 변동이 발생하는 경향. |수익률|의 자기상관이 유의미함","2008 금융위기: -5% -8% +6% -7%... 수개월간 큰 변동 지속. 2017년은 작은 변동 지속","GARCH: σ²ₜ = ω + α·ε²ₜ₋₁ + β·σ²ₜ₋₁","이 현상이 변동성 레짐 예측이 가능한 핵심 이유. |수익률| ACF에서 통계적으로 확인됨","이 프로젝트 핵심"
"Naive Bayes","Naive Bayes Classifier","ML","지도학습모델","피처들이 서로 독립이라는 가정 하에 베이즈 정리로 클래스 확률 계산","스팸 메일에서 free 단어 출현 확률 × win 단어 출현 확률 → 스팸 여부 판단","P(y|x) ∝ P(y) × Π P(xᵢ|y)","프로젝트 결과 F1 36.6% — 피처 간 상관이 강한 금융 데이터에서 독립 가정이 깨짐","5주차"
"로지스틱 회귀","Logistic Regression (GLM)","ML","지도학습모델","선형 결합의 결과를 시그모이드 함수로 0~1 확률로 변환하는 이진·다중 분류 모델","나이·혈압·콜레스테롤로 심장마비 확률 = 0.73 → 0.5 초과이면 심장마비 예측","P(y=1|x) = σ(wᵀx) = 1/(1+e^(-wᵀx))","일반화 선형모형(GLM)의 한 종류. 링크함수로 로짓(logit) 사용","6주차"
"판별분석","LDA (Linear Discriminant Analysis)","ML","지도학습모델","클래스 간 분산은 크게 클래스 내 분산은 작게 하는 방향으로 데이터를 투영","남성·여성 목소리를 가장 잘 구분하는 방향(축)을 찾아 그 축으로 투영 후 분류","W = S_w⁻¹(μ₁-μ₂) (클래스 내 분산 역행렬 × 클래스 평균 차이)","Naive Bayes와 함께 5주차에 다룸. 클래스 내 공분산이 같다고 가정","5주차"
"SVM","Support Vector Machine","ML","지도학습모델","두 클래스 사이의 마진(간격)을 최대화하는 결정 경계를 찾는 모델. 커널로 비선형 분류 가능","두 클래스를 가장 넓게 가르는 선을 찾는 것. 경계에 가장 가까운 점들이 Support Vector","max 2/||w|| s.t. yᵢ(wᵀxᵢ+b) ≥ 1 / RBF: K(x x')=exp(-γ||x-x'||²)","프로젝트 결과 F1 38.2% — 스케일링 필수. 학습 시간이 가장 오래 걸림(16초)","9주차"
"KNN","K-Nearest Neighbors","ML","지도학습모델","새 데이터와 가장 가까운 K개의 훈련 데이터를 찾아 다수결로 분류","K=5: 주변 5명 중 4명이 암 환자라면 새 환자도 암으로 분류","d(x xᵢ) = √Σ(xⱼ-xᵢⱼ)² (유클리디안 거리)","K가 작으면 과적합 K가 크면 과평활. 스케일링 필수. 프로젝트에서 최적 K=5","11주차"
"의사결정나무","Decision Tree","ML","지도학습모델","피처의 임계값 기준으로 데이터를 재귀적으로 분기. if-then 규칙으로 직관적 해석 가능","ATR > 0.012이면 High 레짐 아니면 MA비율 확인... 형태의 규칙 자동 생성","분기기준: argmax IG(S A) = H(S) - Σ|Sᵥ|/|S| × H(Sᵥ)","깊게 키우면 과적합. 프로젝트에서 max_depth=3이 최적 → F1 50.6%","10주차"
"인공신경망·MLP","Neural Network / MLP","ML","지도학습모델","여러 층의 뉴런을 연결해 비선형 패턴을 자동으로 학습하는 모델","입력(38 피처) → 은닉층1(64) → 은닉층2(32) → 출력(3 클래스). 각 층에서 ReLU 활성화","y = softmax(W₂·ReLU(W₁x+b₁)+b₂)","프로젝트에서 F1 30.3%로 최하위. 금융 데이터의 낮은 S/N ratio에서 복잡성이 오히려 독","11~12주차"
"랜덤포레스트","Random Forest","ML","앙상블","부트스트랩 샘플 + 랜덤 피처 서브셋으로 트리 수백 개 생성 후 다수결","의사결정나무 200그루를 각각 다른 데이터 샘플과 다른 피처로 학습 → 200개 예측을 다수결","f(x) = majority_vote(T₁(x) T₂(x) ... Tₙ(x))","프로젝트 최고 성능: F1 56.3% High 레짐 F1 80.5%. OOB Score 74.9%","10주차"
"배깅·부스팅","Bagging vs Boosting","ML","앙상블","배깅: 여러 모델을 독립적으로 학습 후 평균·다수결. 부스팅: 이전 모델의 실수를 다음 모델이 보완","배깅 = 반장 선거에서 반 전체 투표 / 부스팅 = 틀린 문제를 집중 공부하는 학생","배깅: f(x) = (1/B)Σfᵦ(x) / 부스팅: F(x) = Σ αₘhₘ(x)","랜덤포레스트 = 배깅 기반. XGBoost·LightGBM = 부스팅 기반","10주차"
"그래디언트 부스팅","Gradient Boosting","ML","앙상블","이전 모델의 잔차(오차)를 다음 모델이 학습. 오차를 점점 줄여나가는 방식","1라운드 모델이 실제 5를 3으로 예측 → 잔차 2를 다음 모델이 학습 → 최종 3+2=5","Fₘ(x) = Fₘ₋₁(x) + αhₘ(x) hₘ은 잔차를 학습","XGBoost LightGBM CatBoost가 모두 이 원리의 최적화 버전","10주차"
"XGBoost","eXtreme Gradient Boosting","ML","앙상블","그래디언트 부스팅을 극도로 최적화한 모델. 빠르고 정확하고 정규화 내장","캐글 대회에서 가장 많이 우승한 알고리즘. 표 형태 데이터에서 압도적 성능","Obj = Σ L(yᵢ ŷᵢ) + Σ Ω(fₖ) (손실 + 트리 복잡도 정규화)","수업 범위 밖이지만 실무·포트폴리오용으로 추가 가능. sklearn 호환 API 제공","수업 범위 외"
"LightGBM","Light Gradient Boosting Machine","ML","앙상블","XGBoost보다 더 빠른 부스팅. 대용량 데이터에서 특히 유리. 리프 기반 트리 성장","XGBoost가 층별로 트리를 키우면 LightGBM은 가장 손실을 줄이는 잎부터 키움 → 더 빠름","XGBoost와 동일 원리 구현 방식(GOSS EFB)이 다름","10만 행 이상 데이터에서 XGBoost보다 5~10배 빠른 경우 많음. 금융 데이터에 자주 사용","수업 범위 외"
"혼동행렬","Confusion Matrix","ML","평가·검증","실제 vs 예측 결과를 표로 정리. TP·FP·FN·TN 4가지로 오류 패턴 파악","TP: 암 환자를 암으로 / FP: 정상인을 암으로 / FN: 암 환자를 정상으로 / TN: 정상을 정상으로","Accuracy=(TP+TN)/전체 / Precision=TP/(TP+FP) / Recall=TP/(TP+FN)","FN(암 환자 놓침)이 FP(오경보)보다 훨씬 위험 → Recall을 더 중시. 금융도 동일 논리","5주차"
"F1 Score","F1 Score","ML","평가·검증","Precision(정밀도)과 Recall(재현율)의 조화평균. 둘을 균형 있게 반영","Precision 0.8 Recall 0.6 → F1 = 2×(0.8×0.6)/(0.8+0.6) = 0.686","F1 = 2 × (Precision × Recall) / (Precision + Recall)","이 프로젝트의 핵심 평가 지표. 특히 F1(High 레짐): RF 80.5% Baseline 0%","5주차"
"교차검증","Cross Validation","ML","평가·검증","데이터를 K개로 나눠 K번 반복 학습·검증. 검증 결과의 평균으로 성능 추정","5-Fold CV: 데이터를 5등분 → 4개로 학습 1개로 검증을 5번 반복 → 평균 정확도 계산","CV Score = (1/K) Σ Score(k번째 fold)","시계열 데이터에는 일반 K-Fold CV 사용 금지. 반드시 TimeSeriesSplit 사용","5주차"
"ROC 곡선·AUC","ROC Curve / AUC","ML","평가·검증","임계값을 바꿔가며 TPR(재현율)과 FPR의 관계를 그린 곡선. AUC는 그 면적","AUC = 1.0이면 완벽한 분류. 0.5이면 랜덤과 같음. 이진분류 평가에 특히 유용","AUC = ∫₀¹ TPR(FPR) dFPR","3클래스에서는 One-vs-Rest 방식으로 클래스별 AUC를 각각 계산","5주차"
"Train·Val·Test 분리","Train / Validation / Test Split","ML","평가·검증","Train: 학습용. Validation: 하이퍼파라미터 튜닝용. Test: 최종 성능 평가용(절대 학습에 사용 금지)","이 프로젝트: Train(1983~2018) / Val(2019~2021) / Test(2022~2026)","없음 (설계 원칙)","Test 세트를 학습에 한 번이라도 쓰면 그 결과는 신뢰 불가. 실전에서 성능이 전혀 다름","이 프로젝트 핵심"
"Data Leakage","Data Leakage / Look-ahead Bias","ML","평가·검증","모델 학습 시 미래 정보가 현재 예측에 사용되어 실제보다 성능이 과대평가되는 문제","오늘(t) 예측에 오늘 RSI를 그대로 사용 → 실제로는 장 마감 후에야 RSI 계산 가능","해결: feat[cols] = feat[cols].shift(1) — 모든 피처를 1일 후행 적용","퀀트에서 가장 흔한 실수 중 하나. 백테스트 결과가 좋은데 실전에서 망하는 주요 원인","이 프로젝트 핵심"
"OOB Score","Out-of-Bag Score","ML","평가·검증","Random Forest에서 각 트리가 사용하지 않은 샘플(약 37%)로 자동 검증하는 방법","트리 200개 학습 → 각 샘플에 대해 그 샘플을 쓰지 않은 트리들만으로 예측 → 정확도 계산","부트스트랩 샘플링으로 약 63% 사용 → 나머지 37%가 OOB 샘플","프로젝트에서 OOB Score 74.9% → 별도 검증 세트 없이도 과적합 여부 확인","10주차"
"K-평균 군집분석","K-Means Clustering","ML","비지도학습","K개의 중심점을 설정하고 각 점을 가장 가까운 중심으로 배정 → 중심 재계산을 반복","고객 1만 명을 구매 패턴으로 3그룹으로 나눔 (VIP·일반·이탈위험)","argmin Σₖ Σₓ∈Cₖ ||x - μₖ||²","K값을 미리 정해야 함. 엘보우 방법(Elbow Method)으로 최적 K 선택","13주차"
"PCA","PCA (Principal Component Analysis)","ML","비지도학습","고차원 데이터를 정보 손실을 최소화하면서 저차원으로 압축","38개 피처 → 2~3개의 주성분으로 압축 → 2D로 시각화 가능","Z = XW W: 분산 최대화 방향의 고유벡터","지도학습의 전처리 단계로도 활용. 비지도학습이지만 지도학습에도 유용","비지도학습 관련"
